Poem Name,Poet,Line,Metaphor present or not,count of the metaphor,metaphorical terms,year,,,,
අතුරුදහන් කළ මිනිසෙක්,සෝමවීර,සියවසෙන් සියවස,no,,,1974,,,,
අතුරුදහන් කළ මිනිසෙක්,සෝමවීර,මල් කැටයම් බර කළ,no,,,1974,,,,
අතුරුදහන් කළ මිනිසෙක්,සෝමවීර,වදන් කැටයම් තුළ,yes,1,වදන් කැටයම් තුළ,1974,,,,
අතුරුදහන් කළ මිනිසෙක්,සෝමවීර,නිදන් කළ වදන් නැති කවියකි,no,,,1974,,,,
අතුරුදහන් කළ මිනිසෙක්,සෝමවීර,බර පොත් පිටු අතර,no,,,1974,,,,
අතුරුදහන් කළ මිනිසෙක්,සෝමවීර,කුස තණ අට මිටක් මත,no,,,1974,,,,
අතුරුදහන් කළ මිනිසෙක්,සෝමවීර,හිඳ එකලාව අරණක,no,,,1974,,,,
අතුරුදහන් කළ මිනිසෙක්,සෝමවීර,මදහස නැගු මිනිසෙකි,no,,,1974,,,,
අතුරුදහන් කළ මිනිසෙක්,සෝමවීර,පියුම්‚ විදුරසුන් පිට හිඳුවා,yes,1,පියුම්‚ විදුරසුන් පිට හිඳුවා,1974,,,,
අතුරුදහන් කළ මිනිසෙක්,සෝමවීර,බඔයෙන් බඔය උස් කර,no,,,1974,,,,
අතුරුදහන් කළ මිනිසෙක්,සෝමවීර,ලැකර් ගා නෙත් අඳ කළ,no,,,1974,,,,
අතුරුදහන් කළ මිනිසෙක්,සෝමවීර,සොඳ සුවඳ මල් වැසි මැද,no,,,1974,,,,
අතුරුදහන් කළ මිනිසෙක්,සෝමවීර,ගිගුම් දෙන වන්දනා නද තුළ,no,,,1974,,,,
අතුරුදහන් කළ මිනිසෙක්,සෝමවීර,දැවෙද්දිත් අපමණ පහන් තිර,no,,,1974,,,,
අතුරුදහන් කළ මිනිසෙක්,සෝමවීර,නොපෙනී අතුරුදන් කළ,no,,,1974,,,,
අතුරුදහන් කළ මිනිසෙක්,සෝමවීර,මිනිසෙකි සරල‚ සුන්දර,yes,1,මිනිසෙකි සරල‚ සුන්දර,1974,,,,
රාත්‍රිය,එස්. මහින්ද හිමි,සමන් පිච්ච මල් ඉහුරුණු,yes,1,සමන් පිච්ච මල් ඉහුරුණු,1986,,,,
රාත්‍රිය,එස්. මහින්ද හිමි,නිල් තණකොළ පිට්ටනියක්,yes,1,නිල් තණකොළ පිට්ටනියක්,1986,,,,
රාත්‍රිය,එස්. මහින්ද හිමි,වගෙයි අහස අන්න බලනු,yes,1,වගෙයි අහස අන්න බලනු,1986,,,,
රාත්‍රිය,එස්. මහින්ද හිමි,කොච්චර ලස්සනද රෑට,yes,1,කොච්චර ලස්සනද රෑට,1986,,,,
රාත්‍රිය,එස්. මහින්ද හිමි,බකමූණෝ පියාඔති ,no,,,1986,,,,
රාත්‍රිය,එස්. මහින්ද හිමි,අනික් කුරුල්ලෝ නිදතී,no,,,1986,,,,
රාත්‍රිය,එස්. මහින්ද හිමි,බෝ අතුවල එල්ලීගෙන ,no,,,1986,,,,
රාත්‍රිය,එස්. මහින්ද හිමි,මාවවුලෝ කෑ ගසතී,no,,,1986,,,,
රාත්‍රිය,එස්. මහින්ද හිමි,මගෙ හුරතල් අක්කාගේ,no,,,1986,,,,
රාත්‍රිය,එස්. මහින්ද හිමි,මාලේ මුතු ඇට වාගේ,no,,,1986,,,,
රාත්‍රිය,එස්. මහින්ද හිමි,මේ වැටෙන්නේ පිනි බින්දුත්,no,,,1986,,,,
රාත්‍රිය,එස්. මහින්ද හිමි,හදමු එකක් එ් වගේ,no,,,1986,,,,
රාත්‍රිය,එස්. මහින්ද හිමි,හඳහාමී අප දිහාව,no,,,1986,,,,
රාත්‍රිය,එස්. මහින්ද හිමි,එබී බලයි පා හිනාව,no,,,1986,,,,
රාත්‍රිය,එස්. මහින්ද හිමි,සිහිල් සුළං දැල් විඳින්ට,no,,,1986,,,,
රාත්‍රිය,එස්. මහින්ද හිමි,දොරට යන්ට හොඳ වෙලාව,no,,,1986,,,,
රාත්‍රිය,එස්. මහින්ද හිමි,අහසේ තරු වැල් පිරිලා,no,,,1986,,,,
රාත්‍රිය,එස්. මහින්ද හිමි,පොළොවේ සුදු මල් පපිලා,yes,1,පොළොවේ සුදු මල් පපිලා,1986,,,,
රාත්‍රිය,එස්. මහින්ද හිමි,මඟුල් ගෙවල් දෙකක් වගෙයි,no,,,1986,,,,
රාත්‍රිය,එස්. මහින්ද හිමි,මේ දෙපළ ම හැඩ ගැහිලා,no,,,1986,,,,
සුදෝ සුදු මැ වළාකුළෙහි,කුමාරතුංග මුනිදාස,සුදෝ සුදු මැ වළාකුළෙහි,no,,,1922,,,,
සුදෝ සුදු මැ වළාකුළෙහි,කුමාරතුංග මුනිදාස,ඇයි මේ සිල් ගත්තා වැනි,no,,,1922,,,,
සුදෝ සුදු මැ වළාකුළෙහි,කුමාරතුංග මුනිදාස,මඟුලට කඳු නොනිසි බැවිනි,no,,,1922,,,,
සුදෝ සුදු මැ වළාකුළෙහි,කුමාරතුංග මුනිදාස,විස හැර අපි යමු මෙලෙසිනි,no,,,1922,,,,
සුදෝ සුදු මැ වළාකුළෙහි,කුමාරතුංග මුනිදාස,ඉරු දෙවි බබළවයි පහන,no,,,1922,,,,
සුදෝ සුදු මැ වළාකුළෙහි,කුමාරතුංග මුනිදාස,වලා ඉහළ කෙරෙසි විසන,no,,,1922,,,,
සුදෝ සුදු මැ වළාකුළෙහි,කුමාරතුංග මුනිදාස,දිසාවෙනැ සී මේ හිරු එන්නෙ පායා,no,,,1922,,,,
සුදෝ සුදු මැ වළාකුළෙහි,කුමාරතුංග මුනිදාස,හැරි සිටියක් පූරියනක් ගසේ මල්,no,,,1922,,,,
සුදෝ සුදු මැ වළාකුළෙහි,කුමාරතුංග මුනිදාස,රැසුවි දිලෙන්නේ ලනු මෙන් අැදිලා,no,,,1922,,,,
සුදෝ සුදු මැ වළාකුළෙහි,කුමාරතුංග මුනිදාස,මගුල් ගෙයක් දෝ ලොව මේ වෙලාවේ,yes,1,මගුල් ගෙයක් දෝ ලොව මේ වෙලාවේ,1922,,,,
සමනොළ මුහුළ මහ සමුදුර මෙවුල් බ ර,Unknown,සමනොළ මුහුළ මහ සමුදුර මෙවුල් බ ර,yes,1,සමනොළ මුහුළ මහ සමුදුර මෙවුල් බ ර,1908,,,,
සමනොළ මුහුළ මහ සමුදුර මෙවුල් බ ර,Unknown,සු ල ක ළ පුවළ ලකඟන සිරි යොවුන් ව ර,no,,,1908,,,,
සමනොළ මුහුළ මහ සමුදුර මෙවුල් බ ර,Unknown,ත ර ක ළ විසල් වාසල් යතුරු මෙ නුව ර,no,,,1908,,,,
සමනොළ මුහුළ මහ සමුදුර මෙවුල් බ ර,Unknown,බැ ඳ හ ළ රුවන් තනපට කියෙලිය පවු ර,no,,,1908,,,,
කුණ්ඩලකේසී,රුවන් බන්දුජීව,කෙස්ස උස්කරන් බැඳගෙන - රෙද්ද තද කරන් ඇඳගෙන,no,,,1870,,,,
කුණ්ඩලකේසී,රුවන් බන්දුජීව,රතු බුනීල මල් පෙති බිම අතුරපු දේවී,no,,,1870,,,,
කුණ්ඩලකේසී,රුවන් බන්දුජීව,සත්තුක නිදි ඇඳ වටේට - තුන් වටයක් පැදකුණු කර,no,,,1870,,,,
කුණ්ඩලකේසී,රුවන් බන්දුජීව,මන්න පාර හතක් දීපු කුණ්ඩලකේසී,no,,,1870,,,,
කුණ්ඩලකේසී,රුවන් බන්දුජීව,මාල කඩනවා සත්තුක - කංසා බෙදනවා සත්තුක,no,,,1870,,,,
කුණ්ඩලකේසී,රුවන් බන්දුජීව,රාජ පුරුෂයන් නිතරම පැලට පනීවී,no,,,1870,,,,
කුණ්ඩලකේසී,රුවන් බන්දුජීව,බතක් මාළුවක් බැඳගෙන - පියාඹා ගිහින් වැලිකඩ,no,,,1870,,,,
කුණ්ඩලකේසී,රුවන් බන්දුජීව,කසෙන් තැලුම් කෑ සත්තුක සනසපු දේවී,no,,,1870,,,,
කුණ්ඩලකේසී,රුවන් බන්දුජීව,සුදු කෙළිනවා සත්තුක - මඩමෙ ලගිනවා සත්තුක,no,,,1870,,,,
කුණ්ඩලකේසී,රුවන් බන්දුජීව,මොනව කළත් මේ වෙනකම් ඉවසපු දේවී,no,,,1870,,,,
කුණ්ඩලකේසී,රුවන් බන්දුජීව,"""එපා තාත්තේ"" කිය කිය - දූ හීනෙන් හඬන හඬින්",no,,,1870,,,,
කුණ්ඩලකේසී,රුවන් බන්දුජීව,තිගැස්සිලා නිදි පැදුරෙන් විසිවුණු දේවී,no,,,1870,,,,
කුණ්ඩලකේසී,රුවන් බන්දුජීව,සත්තුක නිදි ඇඳ වටේට - තුන් වටයක් පැදකුණු කර,no,,,1870,,,,
කුණ්ඩලකේසී,රුවන් බන්දුජීව,මන්න පාර හතක් දීපු කුණ්ඩලකේසී,no,,,1870,,,,
මැණික් ගගටත් ඉවුරෙ චූ යයි.....,රුවන් බන්දුජීව,පියවුරු දෙසීයයි,yes,1,පියවුරු දෙසීයයි,1870,,,,
මැණික් ගගටත් ඉවුරෙ චූ යයි.....,රුවන් බන්දුජීව,දෙකෙන් බෙදුවම ගෑනු සීයයි,yes,1,දෙකෙන් බෙදුවම ගෑනු සීයයි,1870,,,,
මැණික් ගගටත් ඉවුරෙ චූ යයි.....,රුවන් බන්දුජීව,සාදය නන්දනීයයි,yes,1,සාදය නන්දනීයයි,1870,,,,
මැණික් ගගටත් ඉවුරෙ චූ යයි.....,රුවන් බන්දුජීව,මැණික් ගගටත් ඉවුරෙ චූ යයි,yes,1,මැණික් ගගටත් ඉවුරෙ චූ යයි,1870,,,,
මැණික් ගගටත් ඉවුරෙ චූ යයි.....,රුවන් බන්දුජීව,සියක් මණිමේඛලා - තන පටි - පබළු පොටවල් - තෝඩු ගලවා,no,,,1870,,,,
මැණික් ගගටත් ඉවුරෙ චූ යයි.....,රුවන් බන්දුජීව,පතිනි දේවිය ඇතුළෙ ඉද්දිම අඹය පෙත්තෙන් පෙත්ත කැපුවා,no,,,1870,,,,
මැණික් ගගටත් ඉවුරෙ චූ යයි.....,රුවන් බන්දුජීව,ප්‍රිති ඝෝෂා විසිල් සද්දෙට මනම්පේරිත් ඇවිත් බැලුවා ,no,,,1870,,,,
මැණික් ගගටත් ඉවුරෙ චූ යයි.....,රුවන් බන්දුජීව,කන්ද වැඩිහිටි වැහිල යන්නම මොනර බිත්තර සාරු ගැලුවා ,no,,,1870,,,,
මැණික් ගගටත් ඉවුරෙ චූ යයි.....,රුවන් බන්දුජීව,පුපුරු ගසනා ඇස් දෙසීයයි,no,,,1870,,,,
මැණික් ගගටත් ඉවුරෙ චූ යයි.....,රුවන් බන්දුජීව,දෙකෙන් බෙදුවම ගෑනු සීයයි,no,,,1870,,,,
මැණික් ගගටත් ඉවුරෙ චූ යයි.....,රුවන් බන්දුජීව,සාදය නන්දනීයයි,no,,,1870,,,,
මැණික් ගගටත් ඉවුරෙ චූ යයි.....,රුවන් බන්දුජීව,මැණික් ගගටත් ඉවුරෙ චූ යයි,no,,,1870,,,,
ගිරා සංදේශය,තොටගමුවේ ශ්‍රී රාහුල හිමි,සො බ න නොයෙක් පහ මිණි බිතිනි මනහර,no,,,1447,,,,
ගිරා සංදේශය,තොටගමුවේ ශ්‍රී රාහුල හිමි,පෙනෙන උදය දිවයුරු මඬල පැහැසර,no,,,1447,,,,
ගිරා සංදේශය,තොටගමුවේ ශ්‍රී රාහුල හිමි,ර ඳ න මෙපුරවර කුල’ඟන මුව තඹර,yes,1,ර ඳ න මෙපුරවර කුල’ඟන මුව තඹර,1447,,,,
ගිරා සංදේශය,තොටගමුවේ ශ්‍රී රාහුල හිමි,බ ල න වැන්න වැද වැද සිට මැඳුරතුර,no,,,1447,,,,
ගිරා සංදේශය,තොටගමුවේ ශ්‍රී රාහුල හිමි,ක ලා සපිරි සසි වත මන කලා වන්,no,,,1447,,,,
ගිරා සංදේශය,තොටගමුවේ ශ්‍රී රාහුල හිමි,නි ලා තිබෙන බැම ඉඳු දුනු පිලා වන්,no,,,1447,,,,
ගිරා සංදේශය,තොටගමුවේ ශ්‍රී රාහුල හිමි,දු ලා තනන තන රන හස පිලා වන්,no,,,1447,,,,
ගිරා සංදේශය,තොටගමුවේ ශ්‍රී රාහුල හිමි,බ ලා පයැ’ද යනු බැරි පුර කලා වන්,no,,,1447,,,,
ගුත්තිල කාව්‍ය,වෑත්තෑවේ හිමි,යුදෙහි ඔහු කග ලිය,no,,,1942,,,,
ගුත්තිල කාව්‍ය,වෑත්තෑවේ හිමි,සමඟ රුපුන ද වෙව් ලිය,no,,,1942,,,,
ගුත්තිල කාව්‍ය,වෑත්තෑවේ හිමි,සමඟ ඔහු යස ලිය ද ලිය ලිය,no,,,1942,,,,
ගුත්තිල කාව්‍ය,වෑත්තෑවේ හිමි,ඔහු තෙද දිවසක ර,yes,1,ඔහු තෙද දිවසක ර,1942,,,,
ගුත්තිල කාව්‍ය,වෑත්තෑවේ හිමි,දිලිහෙත විකුම් ගිරිසි ර,yes,1,දිලිහෙත විකුම් ගිරිසි ර,1942,,,,
ගුත්තිල කාව්‍ය,වෑත්තෑවේ හිමි,පෙර සිටි රඟ නොහැ ර,no,,,1942,,,,
ගුත්තිල කාව්‍ය,වෑත්තෑවේ හිමි,සිටි ද පරරද යස තුසර ක ර,no,,,1942,,,,
ගුත්තිල කාව්‍ය,වෑත්තෑවේ හිමි,හිමි තම නැණ නැ වීන්,yes,1,හිමි තම නැණ නැ වීන්,1942,,,,
ගුත්තිල කාව්‍ය,වෑත්තෑවේ හිමි,සැදි ගී තරඟ බෙහෙ වීන්,yes,1,සැදි ගී තරඟ බෙහෙ වීන්,1942,,,,
ගුත්තිල කාව්‍ය,වෑත්තෑවේ හිමි,වෙණ සිප් මහණ වීන්,no,,,1942,,,,
ගුත්තිල කාව්‍ය,වෑත්තෑවේ හිමි,කෙළේ ඔහු පරතෙරට මැන වීන්,no,,,1942,,,,
ගුත්තිල කාව්‍ය,වෑත්තෑවේ හිමි,ඒ අතවැසි එම ස ඳ,no,,,1942,,,,
ගුත්තිල කාව්‍ය,වෑත්තෑවේ හිමි,නරනිඳු පදකමල වැ ඳ,yes,1,නරනිඳු පදකමල වැ ඳ,1942,,,,
ගුත්තිල කාව්‍ය,වෑත්තෑවේ හිමි,දොහොත් මුදුනේ බැ ඳ,no,,,1942,,,,
ගුත්තිල කාව්‍ය,වෑත්තෑවේ හිමි,කියයි මෙතෙපුල් සිට එ සබ මැ ඳ,no,,,1942,,,,
ගුත්තිල කාව්‍ය,වෑත්තෑවේ හිමි,නිරිඳු සඳ එබස ට,no,,,1942,,,,
ගුත්තිල කාව්‍ය,වෑත්තෑවේ හිමි,බෝසත්හු මුව තඹර ට,yes,1,බෝසත්හු මුව තඹර ට,1942,,,,
ගුත්තිල කාව්‍ය,වෑත්තෑවේ හිමි,සිය නෙත් බිඟු විහි ට,yes,1,සිය නෙත් බිඟු විහි ට,1942,,,,
ගුත්තිල කාව්‍ය,වෑත්තෑවේ හිමි,එසඳ පැවසී තෙපුල් මෙලෙස ට,yes,1,එසඳ පැවසී තෙපුල් මෙලෙස ට,1942,,,,
රන් තැටියක කඳුළු,දයාසේන ගුණසිංහ,මා පමණි ඔබ කැටුව ආවේ,no,,,1974,,,,
රන් තැටියක කඳුළු,දයාසේන ගුණසිංහ,මම ද යමි දියණියනි,no,,,1974,,,,
රන් තැටියක කඳුළු,දයාසේන ගුණසිංහ,මොහොතකින් සඳ ඒවි තනියට,no,,,1974,,,,
රන් තැටියක කඳුළු,දයාසේන ගුණසිංහ,රන් තැටිය පුරවා කඳුළින්,no,,,1974,,,,
රන් තැටියක කඳුළු,දයාසේන ගුණසිංහ,මෙතෙක් ලොව නොඇසුව,no,,,1974,,,,
රන් තැටියක කඳුළු,දයාසේන ගුණසිංහ,මියුරු නැළවිලි ගී,no,,,1974,,,,
රන් තැටියක කඳුළු,දයාසේන ගුණසිංහ,ළයට කැටි කොට නිඳයි ඔබේ මව,no,,,1974,,,,
රන් තැටියක කඳුළු,දයාසේන ගුණසිංහ,අවදි වන ඇසිපියෙන්,no,,,1974,,,,
රන් තැටියක කඳුළු,දයාසේන ගුණසිංහ,"බිඳී සුන් වන ලොවක,",no,,,1974,,,,
රන් තැටියක කඳුළු,දයාසේන ගුණසිංහ,බිහි නොවූ හෙට දවස,no,,,1974,,,,
රන් තැටියක කඳුළු,දයාසේන ගුණසිංහ,ඇය නොදත් රහස දැන,no,,,1974,,,,
රන් තැටියක කඳුළු,දයාසේන ගුණසිංහ,කාලයේ ගැබ තුළෙහි,yes,1,කාලයේ ගැබ තුළෙහි,1974,,,,
රන් තැටියක කඳුළු,දයාසේන ගුණසිංහ,"ඉකිබිඳියි කම්පා ව,",yes,1,"ඉකිබිඳියි කම්පා ව,",1974,,,,
රන් තැටියක කඳුළු,දයාසේන ගුණසිංහ,දස එකඩ මසක් ඈ රැකි,yes,1,දස එකඩ මසක් ඈ රැකි,1974,,,,
රන් තැටියක කඳුළු,දයාසේන ගුණසිංහ,"සෙනෙහසේ නිධානය,",yes,1,"සෙනෙහසේ නිධානය,",1974,,,,
රන් තැටියක කඳුළු,දයාසේන ගුණසිංහ,වෙස් මුණු තුළට වූ බහිරවයින්,no,,,1974,,,,
රන් තැටියක කඳුළු,දයාසේන ගුණසිංහ,නුහුරු බස් තෙපලමින්,no,,,1974,,,,
රන් තැටියක කඳුළු,දයාසේන ගුණසිංහ,වට වෙමින් අඩු නියෙත්,no,,,1974,,,,
රන් තැටියක කඳුළු,දයාසේන ගුණසිංහ,පැහැර සඟවන අතර.,no,,,1974,,,,
රන් තැටියක කඳුළු,දයාසේන ගුණසිංහ,බලා සිටියෙමි කොනක,no,,,1974,,,,
රන් තැටියක කඳුළු,දයාසේන ගුණසිංහ,"ගොළු වෙමින් අසරණ වූ,",no,,,1974,,,,
රන් තැටියක කඳුළු,දයාසේන ගුණසිංහ,සෙමෙන් තව තව සෙමෙන්,no,,,1974,,,,
රන් තැටියක කඳුළු,දයාසේන ගුණසිංහ,පස් පිඩැලි පෙරළන්න,no,,,1974,,,,
රන් තැටියක කඳුළු,දයාසේන ගුණසිංහ,මවගේ ඇකයෙහි පහස,no,,,1974,,,,
රන් තැටියක කඳුළු,දයාසේන ගුණසිංහ,නොදත් දැරියකි සිඟිති,no,,,1974,,,,
රන් තැටියක කඳුළු,දයාසේන ගුණසිංහ,කිරි ගරුඬ කොත් හෙළන,no,,,1974,,,,
රන් තැටියක කඳුළු,දයාසේන ගුණසිංහ,අඳුරු සෙවණැලි අතර,no,,,1974,,,,
රන් තැටියක කඳුළු,දයාසේන ගුණසිංහ,නුහුරු නුපුරුදු ලොවක,no,,,1974,,,,
රන් තැටියක කඳුළු,දයාසේන ගුණසිංහ,සැතපෙන්න දියණියනි.,no,,,1974,,,,
රන් තැටියක කඳුළු,දයාසේන ගුණසිංහ,මොහොතකින් සඳ ඒවි තනියට,no,,,1974,,,,
රන් තැටියක කඳුළු,දයාසේන ගුණසිංහ,රන් තැටිය පුරවා කඳුලින්,no,,,1974,,,,
නාගල කන්ද,විමල් දිසානායක,බලන විට අවට ලොව ඇර මතකයෙහි දෙස ,yes,1,බලන විට අවට ලොව ඇර මතකයෙහි දෙස ,1974,,,,
නාගල කන්ද,විමල් දිසානායක,කොළ හාළී ඇට සැකිලි ගස් පෙනේ එක දිගට ,yes,1,කොළ හාළී ඇට සැකිලි ගස් පෙනේ එක දිගට ,1974,,,,
නාගල කන්ද,විමල් දිසානායක,කාලයේ දේශයේ රැහැන් බිඳී මවෙත එන,yes,1,කාලයේ දේශයේ රැහැන් බිඳී මවෙත එන,1974,,,,
සතුට,ලාල් හෑගොඩ,අමතක අඳුරු වලා බිඳිමින්,yes,1,අමතක අඳුරු වලා බිඳිමින්,1974,,,,
සතුට,ලාල් හෑගොඩ,හිරිමල් මිනා පා ,yes,1,හිරිමල් මිනා පා ,1974,,,,
ලක් මවුනි මගේ,ඇස්. මහින්ද හිමි,සි ත ක න් සිතනු බැරි තරමට තිබෙන අගේ,no,,,1974,,,,
ලක් මවුනි මගේ,ඇස්. මහින්ද හිමි,සැ ප ති න් වැඩෙන පෙම්බර ලක්  මවුනි මගේ,yes,1,සැ ප ති න් වැඩෙන පෙම්බර ලක්  මවුනි මගේ,1974,,,,
ලක් මවුනි මගේ,ඇස්. මහින්ද හිමි,ස තු වී තිබෙන කොට ඔබගේ සෙනේ දම,yes,1,ස තු වී තිබෙන කොට ඔබගේ සෙනේ දම,1974,,,,
ලක් මවුනි මගේ,ඇස්. මහින්ද හිමි,නි ව නේ මිහිර රැඳී බුදු දම් අමා කිරි,yes,1,නි ව නේ මිහිර රැඳී බුදු දම් අමා කිරි,1974,,,,
ලක් මවුනි මගේ,ඇස්. මහින්ද හිමි,ලු දු වා වඩා සමනොළ මල් යහන් කුස,yes,1,ලු දු වා වඩා සමනොළ මල් යහන් කුස,1974,,,,
පරෙවිය,අරිසෙන් අහුබුදු,සිසිර කුමරි පස්සට ලන්නී,yes,1,සිසිර කුමරි පස්සට ලන්නී,1974,,,,
පරෙවිය,අරිසෙන් අහුබුදු,ගිම් කුමරිට පෙරටු වැ එන්නී,yes,1,ගිම් කුමරිට පෙරටු වැ එන්නී,1974,,,,
පරෙවිය,අරිසෙන් අහුබුදු,දිනිසුරු කුමරුට අත දෙන්නී,yes,1,දිනිසුරු කුමරුට අත දෙන්නී,1974,,,,
පරෙවිය,අරිසෙන් අහුබුදු,ලොවැටමැ මගුලක් සලසන්නී,yes,1,ලොවැටමැ මගුලක් සලසන්නී,1974,,,,
දේදුන්න පායාවි හෙටත් පාලම උඩින්,පරාක්‍රම කොඩිතුවක්කු,ඔබ යන්න මහද ඉතත් වැනි වලාකුළ අරන්,yes,1,ඔබ යන්න මහද ඉතත් වැනි වලාකුළ අරන්,1974,,,,
දේදුන්න පායාවි හෙටත් පාලම උඩින්,පරාක්‍රම කොඩිතුවක්කු,ආදරය නින්දක් ද- පිබිදිලා සිටින මට,yes,1,ආදරය නින්දක් ද- පිබිදිලා සිටින මට,1974,,,,
සමනලයා,ආනන්ද රාජකරුණා,නුඹ ආ ගමන සීපද ගායනා වෙක,yes,1,නුඹ ආ ගමන සීපද ගායනා වෙක,1974,,,,
සමනලයා,ආනන්ද රාජකරුණා,සුවිසල් අරුණු දද පෙරඹර දිලෙද්දී,yes,1,සුවිසල් අරුණු දද පෙරඹර දිලෙද්දී,1974,,,,
සමනලයා,ආනන්ද රාජකරුණා,තම තුනු කැලුම් සිලිලෙන් නැහැවෙවී වරෙන්,yes,1,තම තුනු කැලුම් සිලිලෙන් නැහැවෙවී වරෙන්,1974,,,,
සමනලයා,ආනන්ද රාජකරුණා,සමනොල පුස්පරාගය මා ළඟට වරෙන්,yes,1,සමනොල පුස්පරාගය මා ළඟට වරෙන්,1974,,,,
ඉගිළෙන සිහින,සාගර පලන්සූරිය,උන්ගේ ආලයේ වෙසනත් ගජමුතුව,yes,1,උන්ගේ ආලයේ වෙසනත් ගජමුතුව,1974,,,,
දිවා භෝජනය,සිරි ගුනසිංහ,අට වයස් නොදරුවා,no,,,1956,,,,
දිවා භෝජනය,සිරි ගුනසිංහ,හැට පිරුනු කල සමින්,no,,,1956,,,,
දිවා භෝජනය,සිරි ගුනසිංහ,වැසුනු ඇට සැකිල්ලකි,no,,,1956,,,,
දිවා භෝජනය,සිරි ගුනසිංහ,එහෙත් ඔහු සිනාසෙයි,no,,,1956,,,,
දිවා භෝජනය,සිරි ගුනසිංහ,දත් පුරා සිනාසෙයි,no,,,1956,,,,
දිවා භෝජනය,සිරි ගුනසිංහ,කට පුරා සිනාසෙයි.,no,,,1956,,,,
දිවා භෝජනය,සිරි ගුනසිංහ,ඇට පෙනෙන මුහුන මත,no,,,1956,,,,
දිවා භෝජනය,සිරි ගුනසිංහ,දෙකන තෙක් දික් ගැහුනු,yes,1,දෙකන තෙක් දික් ගැහුනු,1956,,,,
දිවා භෝජනය,සිරි ගුනසිංහ,සිනාවෙන් ඔහු මුහුන,yes,1,සිනාවෙන් ඔහු මුහුන,1956,,,,
දිවා භෝජනය,සිරි ගුනසිංහ,පුරුදු නැති සිත්තරකු,yes,1,පුරුදු නැති සිත්තරකු,1956,,,,
දිවා භෝජනය,සිරි ගුනසිංහ,නොචි කෝලමට කැපු,yes,1,නොචි කෝලමට කැපු,1956,,,,
දිවා භෝජනය,සිරි ගුනසිංහ,සරිය වෙස් මුහුනකට,yes,1,සරිය වෙස් මුහුනකට,1956,,,,
දිවා භෝජනය,සිරි ගුනසිංහ,වමතෙ පොල් කටුවෙ සිට,no,,,1956,,,,
දිවා භෝජනය,සිරි ගුනසිංහ,කට ලඟට ගොස් වැටෙන,no,,,1956,,,,
දිවා භෝජනය,සිරි ගුනසිංහ,ලී කැබැල්ලකි සුරත,yes,1,ලී කැබැල්ලකි සුරත,1956,,,,
දිවා භෝජනය,සිරි ගුනසිංහ,බට්ටෙක් මෙන් ඔරලෝසුවේ,no,,,1956,,,,
දිවා භෝජනය,සිරි ගුනසිංහ,ගනන් බලා තුන් විඩයක්,no,,,1956,,,,
දිවා භෝජනය,සිරි ගුනසිංහ,උඩහට පහලට ගිය අත,no,,,1956,,,,
දිවා භෝජනය,සිරි ගුනසිංහ,හිස් පොල් කටුවේ,no,,,1956,,,,
දිවා භෝජනය,සිරි ගුනසිංහ,එකවර නැවතින,no,,,1956,,,,
දිවා භෝජනය,සිරි ගුනසිංහ,පුදුමයෙන් මෙන් බලා මා දෙස,no,,,1956,,,,
දිවා භෝජනය,සිරි ගුනසිංහ,දෙකන තෙක් දි සිනා පාලා,no,,,1956,,,,
දිවා භෝජනය,සිරි ගුනසිංහ,විසි කොට පොල් කටුව කානුවෙ,no,,,1956,,,,
දිවා භෝජනය,සිරි ගුනසිංහ,පිස දමයි අත ඉරුනු සරමේ,no,,,1956,,,,
අභිනික්මන,සිරි ගුනසිංහ,මගේ පැදුරෙන් මිදී කෙල්ලට,no,,,1876,,,,
අභිනික්මන,සිරි ගුනසිංහ,වාසලට යන්නට වුනා,no,,,1876,,,,
අභිනික්මන,සිරි ගුනසිංහ,අනේ ඒකිගේ කැකුළු ඇග-කද,no,,,1876,,,,
අභිනික්මන,සිරි ගුනසිංහ,හැම වෙලාවෙම සිහි වුනා,no,,,1876,,,,
අභිනික්මන,සිරි ගුනසිංහ,මාලිගාවෙන් අපේ ගෙපැලට,no,,,1876,,,,
අභිනික්මන,සිරි ගුනසිංහ,තෑගි-බෝගත් හිමි වුනා.,no,,,1876,,,,
අභිනික්මන,සිරි ගුනසිංහ,සිහිල් ජල කෙළි - දුහුල් සළු පිළි,no,,,1876,,,,
අභිනික්මන,සිරි ගුනසිංහ,දුවට හිමි බව සැල වුනා.,no,,,1876,,,,
අභිනික්මන,සිරි ගුනසිංහ,මහා සීගිරි ගලේ මුදුනක,no,,,1876,,,,
අභිනික්මන,සිරි ගුනසිංහ,උඹේ රුව සිත්තම් වුනා.,no,,,1876,,,,
අභිනික්මන,සිරි ගුනසිංහ,එය බලන්නම හොරෙන් හවසක,no,,,1876,,,,
අභිනික්මන,සිරි ගුනසිංහ,මාත් එතනට ගොඩ වුනා.,no,,,1876,,,,
අභිනික්මන,සිරි ගුනසිංහ,කරඩුවක් වගේ උඹේ උඩු කය,no,,,1876,,,,
අභිනික්මන,සිරි ගුනසිංහ,අනෙක් උන් මැද දිළිසුනා.,no,,,1876,,,,
අභිනික්මන,සිරි ගුනසිංහ,මගේ හුස්මක් ගැටී වෙන්නැති,yes,1,මගේ හුස්මක් ගැටී වෙන්නැති,1876,,,,
අභිනික්මන,සිරි ගුනසිංහ,දුවේ කළු ගල හෙලවුනා,yes,1,දුවේ කළු ගල හෙලවුනා,1876,,,,
අභිනික්මන,සිරි ගුනසිංහ,පපුව ටික ටික මොලොක් වෙනකොට,no,,,1876,,,,
අභිනික්මන,සිරි ගුනසිංහ,එන්න වෙයි මං දන්නවා,no,,,1876,,,,
අභිනික්මන,සිරි ගුනසිංහ,උඹේ දූවිලි සුවද තැවුරුනු,no,,,1876,,,,
අභිනික්මන,සිරි ගුනසිංහ,පැදුර තාමත් තියනවා,no,,,1876,,,,
අභිනික්මන,සිරි ගුනසිංහ,දැනුත් සීගිරිසිංහයා,yes,1,දැනුත් සීගිරිසිංහයා,1876,,,,
අභිනික්මන,සිරි ගුනසිංහ,කට ඇරන් ඉන්නවා පේනවා,yes,1,කට ඇරන් ඉන්නවා පේනවා,1876,,,,
අභිනික්මන,සිරි ගුනසිංහ,ඒ ඉසව්වෙන් යද්දි මං,no,,,1876,,,,
අභිනික්මන,සිරි ගුනසිංහ,පොඩි කෙල්ල හංගා ගන්නවා,no,,,1876,,,,
පරිණාමා,සාගර පලන්සූරිය ,දහඩිය පෙරාගෙන මහදනවල ෆින්නේ,no,,,1911,,,,
පරිණාමා,සාගර පලන්සූරිය ,වැලිබත් උයන අවදියෙ යෙයි පිළිකන්නේ,no,,,1911,,,,
පරිණාමා,සාගර පලන්සූරිය ,තා ඇය දුටුව බව ඇය කොහොම ද දන්නේ,no,,,1911,,,,
පරිණාමා,සාගර පලන්සූරිය ,හඳ වාගෙයි එදා ඈ බැබලුණු පින්නේ,no,,,1911,,,,
පරිණාමා,සාගර පලන්සූරිය ,ඇගේ නෙත අහිංසක රසයට උල්පත ය.,no,,,1911,,,,
පරිණාමා,සාගර පලන්සූරිය ,ඇගේ මොළකැටි ගතිය රැඳුණේ මල් වෙත ය,no,,,1911,,,,
පරිණාමා,සාගර පලන්සූරිය ,සඳ හිරු පළමු බැලුවේ ඇගෙ පැල්පත ය.,no,,,1911,,,,
පරිණාමා,සාගර පලන්සූරිය ,එහි හැම තැනම මිහිරිගෙ සුරතල් වනය,no,,,1911,,,,
පරිණාමා,සාගර පලන්සූරිය ,ඇගෙ නෙත් පහර වැද නාදලු නිලට හැරේ.,no,,,1911,,,,
පරිණාමා,සාගර පලන්සූරිය ,තොල් පැහැ පෙනේ ගම අහසේ බහින ඉරේ,yes,1,තොල් පැහැ පෙනේ ගම අහසේ බහින ඉරේ,1911,,,,
පරිණාමා,සාගර පලන්සූරිය ,පවතී මිහිරි බව ඇගෙ පරිසරය කෙරේ.,no,,,1911,,,,
පරිණාමා,සාගර පලන්සූරිය ,ඇය ඇති තැනදි වැඩි මී මැසි බමර පොරේ,no,,,1911,,,,
පරිණාමා,සාගර පලන්සූරිය ,ඉන් පසු ඇය දිටිමි නව යොවුනෙහි වෙලුණු,no,,,1911,,,,
පරිණාමා,සාගර පලන්සූරිය ,රින් තරුවක් වගෙයි කිරි මුහුදෙයි ගිලුණු,no,,,1911,,,,
පරිණාමා,සාගර පලන්සූරිය ,ඇගෙ යටි පතුලෙ වැද යන එන තැන තැලුණු,no,,,1911,,,,
පරිණාමා,සාගර පලන්සූරිය ,වැලි කැට තිබේ හිරියල් පාවට දිලුණු,no,,,1911,,,,
පරිණාමා,සාගර පලන්සූරිය ,ඇගෙ නෙත් කොනින් ආ මඳලස වැද පිපුණු,no,,,1911,,,,
පරිණාමා,සාගර පලන්සූරිය ,වන මල් ගැන කීහ ගම සමහර ගැහැනු,no,,,1911,,,,
පරිණාමා,සාගර පලන්සූරිය ,ඇගෙ කටහඬින් ඉපනැලි තුළ ගොනු ගැසුණ,no,,,1911,,,,
පරිණාමා,සාගර පලන්සූරිය ,සුමිහිරි තාල කවදාවත් නැත නැසෙන,no,,,1911,,,,
පරිණාමා,සාගර පලන්සූරිය ,පරිනත යොවුන් වයසේ විළි බර ව සිටි,no,,,1911,,,,
පරිණාමා,සාගර පලන්සූරිය ,ඇය මම දිටිමි මුළු ගම බබලවන හැටි,no,,,1911,,,,
පරිණාමා,සාගර පලන්සූරිය ,හැසිරෙනු දිටිමි රන් රස ආලයක වැටි,no,,,1911,,,,
පරිණාමා,සාගර පලන්සූරිය ,ඇය දැන් තනිව විසූ දවසට වැඩිය වටි,no,,,1911,,,,
පරිණාමා,සාගර පලන්සූරිය ,කලකට පසුව යළි මම ඇය දිටිමි එදා,no,,,1911,,,,
පරිණාමා,සාගර පලන්සූරිය ,ඈ ගැහැනියකි ඇති දරු සිව්දෙනකු හදා,no,,,1911,,,,
පරිණාමා,සාගර පලන්සූරිය ,හළ මෙන් දිටිමි හැම සිරි ඇය වෙතට මුදා,no,,,1911,,,,
පරිණාමා,සාගර පලන්සූරිය ,ඈද සල් ගසක් මෙනි ඇති මල් පොකුරු දදා,no,,,1911,,,,
පරිණාමා,සාගර පලන්සූරිය ,අවසන් වරට මවිසින් ඇය දුටු දවස,no,,,1911,,,,
පරිණාමා,සාගර පලන්සූරිය ,ඇය පිරිවරා වැලපුණී හිත ඇති පිරිස,no,,,1911,,,,
පරිණාමා,සාගර පලන්සූරිය ,සුව සේ වෙසේවයි දුරු කරගෙන වෙහෙස,no,,,1911,,,,
පරිණාමා,සාගර පලන්සූරිය ,සොහොනක් කෙළෙම් මගෙ හදවත ඇය පිණිස,yes,1,සොහොනක් කෙළෙම් මගෙ හදවත ඇය පිණිස,1911,,,,
අම්මා,මහගම සේකර,ඔබා දෙදණි නිල් උලුපියලි බිම මත,no,,,1958,,,,
අම්මා,මහගම සේකර,වැන්දේය ඔහු බැති සිතින්,no,,,1958,,,,
අම්මා,මහගම සේකර,අම්මා වැළලු තැන මහ පොළොවටා,no,,,1958,,,,
අම්මා,මහගම සේකර,පිපිලා තිබුණි එතැන සුදු සාවට,yes,1,පිපිලා තිබුණි එතැන සුදු සාවට,1958,,,,
අම්මා,මහගම සේකර,නමක් නොමැති පුංචි මලක්,yes,1,නමක් නොමැති පුංචි මලක්,1958,,,,
අම්මා,මහගම සේකර,සිම්බේය මහු එමල නමා හිස,no,,,1958,,,,
අම්මා,මහගම සේකර,දස මසක් කුස තුළෙහි දරා සිට,no,,,1958,,,,
අම්මා,මහගම සේකර,මා ලොවට වැදු අම්මා ඔබය.,no,,,1958,,,,
අම්මා,මහගම සේකර,කෙළවරක් නොමැති දුක් දරා විඳ,no,,,1958,,,,
අම්මා,මහගම සේකර,මා ලොවට හැදු අම්මා ඔබය.,no,,,1958,,,,
අම්මා,මහගම සේකර,අඬන විට මා කුඩා අවධියෙහි බඩගිනිව,no,,,1958,,,,
අම්මා,මහගම සේකර,තබා බතල දළු,no,,,1958,,,,
අම්මා,මහගම සේකර,ලුණු දියර ඉස,no,,,1958,,,,
අම්මා,මහගම සේකර,පොල් ගා මුසු කොට කවා,no,,,1958,,,,
අම්මා,මහගම සේකර,බඩගිනි නිවූ අම්මා ඔබය.,no,,,1958,,,,
අම්මා,මහගම සේකර,උයා උදයෙන් නැගිට කඩයප්පන්,no,,,1958,,,,
අම්මා,මහගම සේකර,තබා තේ කඩයෙහි,no,,,1958,,,,
අම්මා,මහගම සේකර,ලබා ඉන් ලැබෙන සුළු වට්ටම්,no,,,1958,,,,
අම්මා,මහගම සේකර,ජංගි ඇන්දු අම්මා ඔබ ය.,no,,,1958,,,,
අම්මා,මහගම සේකර,ගල්වා ඉසෙහි තෙල් යහමින්,no,,,1958,,,,
අම්මා,මහගම සේකර,එල්ලා කරෙහි පංචායුදය,no,,,1958,,,,
අම්මා,මහගම සේකර,අල්ලාගෙන අතින් මා,no,,,1958,,,,
අම්මා,මහගම සේකර,පාසලට එක්ක ගිය,no,,,1958,,,,
අම්මා,මහගම සේකර,අකුරු නුගත් අම්මා ඔබ ය.,no,,,1958,,,,
අම්මා,මහගම සේකර,ඇවිද ලඳු දෙණි කැලෑ බිම්වල,no,,,1958,,,,
අම්මා,මහගම සේකර,රැගෙන විත් තුන්හිරිය පන් කොළ,no,,,1958,,,,
අම්මා,මහගම සේකර,යොදා කුකුල් සායම් රතු හා කොළ,no,,,1958,,,,
අම්මා,මහගම සේකර,වියා නෙක් විසිතුරු රටා පැදුරු,no,,,1958,,,,
අම්මා,මහගම සේකර,රටාවක් බව මේ මහා විශ්වය,no,,,1958,,,,
අම්මා,මහගම සේකර,කුඩා කල සිට ම මට,no,,,1958,,,,
අම්මා,මහගම සේකර,කියා දුන් අම්මා ඔබය.,no,,,1958,,,,
අම්මා,මහගම සේකර,නොදන්නෙමි මම එකල,no,,,1958,,,,
අම්මා,මහගම සේකර,අමෙඹේ. ඔබේ එන කැටපතක් බව,no,,,1958,,,,
අම්මා,මහගම සේකර,මෙකල මා සිත පිළිබිඹු කරන;,no,,,1958,,,,
අම්මා,මහගම සේකර,ගිලී යට ගිය ඇස් කුහර තුළ,no,,,1958,,,,
අම්මා,මහගම සේකර,නොදුටුවෙමි කිසි විටක සතුටක්,no,,,1958,,,,
අම්මා,මහගම සේකර,කොදුටුවෙමි කිසි විටක දුකකුත්,no,,,1958,,,,
අම්මා,මහගම සේකර,ඉවසා සම සිතින් සැම සැප දුක්,no,,,1958,,,,
අම්මා,මහගම සේකර,ලැබුවා ද ඔබ සිතෙහි සාමයක්?,no,,,1958,,,,
අම්මා,මහගම සේකර,ඉපයුවෙමි මම මුදල්,no,,,1958,,,,
අම්මා,මහගම සේකර,ඉපයුවෙමි කිතු යසස්,no,,,1958,,,,
අම්මා,මහගම සේකර,වීය. මන්දිර යානවාහන,no,,,1958,,,,
අම්මා,මහගම සේකර,එහෙත් ඒ කිසිවකිනුත්,no,,,1958,,,,
අම්මා,මහගම සේකර,නොලදිමි සිත් සැනසුමක්,no,,,1958,,,,
අම්මා,මහගම සේකර,වටහාගෙන සිටියා ද ඔබ ඒ සත්‍යය,no,,,1958,,,,
අම්මා,මහගම සේකර,නොලබා ම ඔබ ඒ කිසිවක්?,no,,,1958,,,,
කතරගම,ගුණදාස අමරසේකර,මිනිස් කට හඬින් කොර,yes,1,මිනිස් කට හඬින් කොර,1923,,,,
කතරගම,ගුණදාස අමරසේකර,ඈත පඳු හෙල් අතර,yes,1,ඈත පඳු හෙල් අතර,1923,,,,
කතරගම,ගුණදාස අමරසේකර,මහ වනය අරගත්,yes,1,මහ වනය අරගත්,1923,,,,
කතරගම,ගුණදාස අමරසේකර,තිබේ එක්‍ භූමියක්,yes,1,තිබේ එක්‍ භූමියක්,1923,,,,
කතරගම,ගුණදාස අමරසේකර,මගේ හද බැමි සිඳී,yes,1,මගේ හද බැමි සිඳී,1923,,,,
කතරගම,ගුණදාස අමරසේකර,එණි කිරුළු බරර්ණ ලා,yes,1,එණි කිරුළු බරර්ණ ලා,1923,,,,
කතරගම,ගුණදාස අමරසේකර,අනා කා යළි හිසෝ සවා,yes,1,අනා කා යළි හිසෝ සවා,1923,,,,
කතරගම,ගුණදාස අමරසේකර,අපර විලස සැරිසරන,yes,1,අපර විලස සැරිසරන,1923,,,,
කතරගම,ගුණදාස අමරසේකර,පර්පයෙහි රුදු අවිය,yes,1,පර්පයෙහි රුදු අවිය,1923,,,,
කතරගම,ගුණදාස අමරසේකර,එහි නොමැත.,yes,1,එහි නොමැත.,1923,,,,
කතරගම,ගුණදාස අමරසේකර,එය මැරුණු අඩපණ වූ,yes,1,එය මැරුණු අඩපණ වූ,1923,,,,
කතරගම,ගුණදාස අමරසේකර,භාවිත ලු ප්රරඬැලකි.,yes,1,භාවිත ලු ප්රරඬැලකි.,1923,,,,
කතරගම,ගුණදාස අමරසේකර,එසැස් අඳ දුබල නෙත්,no,,,1923,,,,
කතරගම,ගුණදාස අමරසේකර,තව තවත් ඇඳිරි වෙයි,no,,,1923,,,,
කතරගම,ගුණදාස අමරසේකර,නිදා සිටි ඇසෙහි මස,no,,,1923,,,,
කතරගම,ගුණදාස අමරසේකර,එතැන යළි ඇස් ලබයි,no,,,1923,,,,
කතරගම,ගුණදාස අමරසේකර,සිය දහස් පන්දමින් ගිනි නඟයි විහිද යයි,no,,,1923,,,,
කතරගම,ගුණදාස අමරසේකර,බෙර දවුල් හඬ අසා ඇඟෙහි මස වියරු වෙයි,no,,,1923,,,,
කතරගම,ගුණදාස අමරසේකර,සිය දහස් ගිගිරි හඬ තන් පළා ඇතුළු වෙයි,no,,,1923,,,,
කතරගම,ගුණදාස අමරසේකර,මුළු සිරුර ලේ නහර කිලිපොළා නැහැ සිටියි.,no,,,1923,,,,
කතරගම,ගුණදාස අමරසේකර,එකැස් අඳ දුබල නෙත,yes,1,එකැස් අඳ දුබල නෙත,1923,,,,
කතරගම,ගුණදාස අමරසේකර,තව තවත් ඇඳිරි වෙයි,yes,1,තව තවත් ඇඳිරි වෙයි,1923,,,,
කතරගම,ගුණදාස අමරසේකර,නිඳු සිටි ඇඟෙහි මස,no,,,1923,,,,
කතරගම,ගුණදාස අමරසේකර,අවදි වී ඇස් ලබයි,no,,,1923,,,,
කතරගම,ගුණදාස අමරසේකර,ඇඹරී ගිය මස් පිඬලි පන්දමින් දිස්න දෙයි,no,,,1923,,,,
කතරගම,ගුණදාස අමරසේකර,කන්න ලවූ හඬ ඩියරු ඔස් සමින් ඇතුළු වෙසි,no,,,1923,,,,
කතරගම,ගුණදාස අමරසේකර,ලේ සිරි ජලය වූ මුහුණු විසිර වී ඇරෙයි,no,,,1923,,,,
කතරගම,ගුණදාස අමරසේකර,ඇසෙහි ඔස සලිත වී වේශයෙන් අවදි යවයි.,no,,,1923,,,,
කතරගම,ගුණදාස අමරසේකර,එසැසි අද දුබල නෙක,no,,,1923,,,,
කතරගම,ගුණදාස අමරසේකර,තව තවත් ඇඳිරි වෙයි,no,,,1923,,,,
කතරගම,ගුණදාස අමරසේකර,නිදා සිටි ඇඟෙහි මස,no,,,1923,,,,
කතරගම,ගුණදාස අමරසේකර,අවදි වී ඇස ලබයි,no,,,1923,,,,
කතරගම,ගුණදාස අමරසේකර,අස ඉර සඳ මැවූ,no,,,1923,,,,
කතරගම,ගුණදාස අමරසේකර,පොළොව් ගහ කොළ මැව්,no,,,1923,,,,
කතරගම,ගුණදාස අමරසේකර,පියල් ලෝ කුස මැවූ,no,,,1923,,,,
කතරගම,ගුණදාස අමරසේකර,තෙද බලැති මහ දෙවිඳ,no,,,1923,,,,
කතරගම,ගුණදාස අමරසේකර,මහ බලැති දෙවි තුවනි යුතු අයුතු පසිඳවන,no,,,1923,,,,
කතරගම,ගුණදාස අමරසේකර,තෙර එතෙර මහ සයුර සියල් ලෝ කුස රකිත,no,,,1923,,,,
කතරගම,ගුණදාස අමරසේකර,වැඳ වැටී ඔබ පතුල සහ පමි මගෙ සිරුර,no,,,1923,,,,
කතරගම,ගුණදාස අමරසේකර,ඔබ සමඟ එක් වන්ට මගෙ හඳට සදන් වරය,no,,,1923,,,,
කතරගම,ගුණදාස අමරසේකර,මිනිස් කටහඬින් තොර,no,,,1923,,,,
කතරගම,ගුණදාස අමරසේකර,ඈත කඳු හෙල් අතර,no,,,1923,,,,
කතරගම,ගුණදාස අමරසේකර,මහ වනය අරක් ගත්,no,,,1923,,,,
කතරගම,ගුණදාස අමරසේකර,තිබේ. එක් භූමියක්,no,,,1923,,,,
කතරගම,ගුණදාස අමරසේකර,මගේ නඳ බැමි සිඳී,no,,,1923,,,,
කතරගම,ගුණදාස අමරසේකර,මිණි කිරුප බරණ ලා,no,,,1923,,,,
කතරගම,ගුණදාස අමරසේකර,නොබා යළි ගිසෝ සවා,no,,,1923,,,,
කතරගම,ගුණදාස අමරසේකර,පෙර විලස සැරිසරන,no,,,1923,,,,